4096	ChangeLog	New command-line option to show/hide the Home button (--hide-home-button/--show-home-button)
4097	ChangeLog	Translation added for Sanskrit
4098	ChangeLog	Many new images
4099	ChangeLog	Automatic application of new language when changing it in the menu (no need to restart GCompris)
4100	ChangeLog	Add splash screen at startup
4101	ChangeLog	New command-line option to switch the renderer (--renderer renderer)
4102	ChangeLog	Translation added for Latvian
4103	ChangeLog	Translations added for Bulgarian, Galician and Swahili
4104	ChangeLog	New command-line option to directly start an activity at a specific level (--start-level level, to be used with --launch activity)
4105	ChangeLog	Translations added for Arabic and Esperanto
4106	ChangeLog	Many translation updates
4107	ChangeLog	New command-line option (--difficulty {value|min-max}) to start GCompris at specific difficulty
4108	ChangeLog	Fix issue in comparator activity
4109	ChangeLog	Map of Spain added for geography activity
4110	ChangeLog	Voices added for Ukrainian
4111	ChangeLog	New command-line option to list all the activities and start on a specific one
4112	ChangeLog	Reduce the size of the packages for all platforms and of the external word images set
4113	ChangeLog	Improve images quality in several activities
4114	ChangeLog	Fix some transitions in renewable_energy/watercycle on some platforms
4115	ChangeLog	Fix dead keys ignored on Linux for typing activities
4116	ChangeLog	Fix level reset when changing level manually in Logical associations
4117	ChangeLog	Fix Alphabet sequence, Even and odd numbers and Numbers in order activities
4118	ChangeLog	Several bug fixes
4119	ChangeLog	Translation updated for Russian
4120	ChangeLog	New voices for Norwegian Nynorsk
4121	ChangeLog	Translations added for Breton, Czech and Macedonian
4122	ChangeLog	Translation added for Azerbaijani
4123	ChangeLog	New maps and update of the maps for geography activities
4124	ChangeLog	New dataset containing loops operations for programming maze, and make tutorial images translated
4125	ChangeLog	Addition of a level to teach voltage source loop in analog electricity activity
4126	ChangeLog	New Activity Settings menu, with dataset selection
4127	ChangeLog	New sub-categories to organize activities
4128	ChangeLog	Translation added for Macedonian.
4129	ChangeLog	New activities Programming Maze and Baby Tangram
4130	ChangeLog	New background music and volume settings.
4131	ChangeLog	New speed setting in several activities.
4132	ChangeLog	New option in chess to display captured pieces.
4133	ChangeLog	New images in Colors, Advanced colors and Target game.
4134	ChangeLog	New voices for US English.
4135	ChangeLog	Many little fixes and improvements.
4136	ChangeLog	Translation updated for multiple languages (Breton, Brazilian Portuguese, Finnish...).
4137	ChangeLog	Add Russian dataset for Click on letter activity.
4138	ChangeLog	Lang activity now available in Dutch.
4139	ChangeLog	Merge Norwegian counties Nord-Trøndelag and Sør-Trøndelag into Trøndelag in geo-country activity.
4140	ChangeLog	Fix in braille activities where the cells start at 1, not 0.
4141	ChangeLog	Translation added for Basque, Hungarian and Malayalam.
4142	ChangeLog	Loading/saving of creations (Baby Wordprocessor, Balance Box and Piano Composition).
4143	ChangeLog	Translations added for Scottish Gaelic.
4144	ChangeLog	License page added in configuration.
4145	ChangeLog	Multiple changes on layouts to improve the ergonomy.
4146	ChangeLog	Lang activity now available in Polish, Swedish and Ukrainian.
4147	ChangeLog	Search feature.
4148	ChangeLog	A Changelog.
4149	ChangeLog	Many little fixes.
4150	ChangeLog	Lang activity now available in French.
4151	ChangeLog	Adding a loading overlay to let the user know that some actions are taking place (loading an activity for example) and can take some seconds.
4152	ChangeLog	Translations added for: Catalan (Valencian), Chinese Traditional, Finnish (92% translated), Russian (98% translated), Slovak (92% translated), Turkish.
4153	ChangeLog	Translations added for: Slovenian, German, Galician.
4154	ChangeLog	Version %1:
4155	core	Missing sound files!
4156	core	This activity uses language sound files, that are not yet installed on your system.
4157	core	For downloading the needed sound files go to the Configuration dialog.
4158	core	Download in progress
4159	core	Download in progress.<br/>'Abort' it to quit immediately.
4160	core	Quit?
4161	core	Do you really want to quit GCompris?
4162	core	Yes
4163	core	No
4164	DialogAbout	About GCompris
4165	DialogAbout	License
4166	DialogAbout	translator-credits
4167	DialogAbout	GCompris %1
4168	DialogAbout	Based on Qt %1 and %2
4169	DialogAbout	GCompris Home Page: https://gcompris.net
4170	DialogAbout	You can provide financial support for the development of <b>GCompris</b>, please visit <a href='https://gcompris.net/donate-en.html'>https://gcompris.net/donate-en.html</a>.
4171	DialogAbout	<b>GCompris</b> is a Free Software developed within the KDE community.
4172	DialogAbout	<b>KDE</b> is a world-wide network of software engineers, artists, writers, translators and facilitators who are committed to <a href="%1">Free Software</a> development. This community has created hundreds of Free Software applications as part of the KDE frameworks, workspaces and applications.<br /><br />KDE is a cooperative enterprise in which no single entity controls the efforts or products of KDE to the exclusion of others. Everyone is welcome to join and contribute to KDE, including you.<br /><br />Visit <a href="%2">%2</a> for more information about the KDE community and the software we produce.
4173	DialogAbout	Software can always be improved, and the KDE team is ready to do so. However, you - the user - must tell us when something does not work as expected or could be done better.<br /><br />KDE has a bug tracking system. Visit <a href="%1">%1</a> to report a bug.<br /><br />If you have a suggestion for improvement then you are welcome to use the bug tracking system to register your wish. Make sure you use the severity called "Wishlist".
4174	DialogAbout	You do not have to be a software developer to be a member of the KDE team. You can join the language teams that translate program interfaces. You can provide graphics, themes, sounds, and improved documentation. You decide!<br /><br />Visit <a href="%1">%1</a> for information on some projects in which you can participate.<br /><br />If you need more information or documentation, then a visit to <a href="%2">%2</a> will provide you with what you need.
4175	DialogAbout	To support development the KDE community has formed the KDE e.V., a non-profit organization legally founded in Germany. KDE e.V. represents the KDE community in legal and financial matters. See <a href="%1">%1</a> for information on KDE e.V.<br /><br />KDE benefits from many kinds of contributions, including financial. We use the funds to reimburse members and others for expenses they incur when contributing. Further funds are used for legal support and organizing conferences and meetings. <br /> <br />We would like to encourage you to support our efforts with a financial donation, using one of the ways described at <a href="%2">%2</a>.<br /><br />Thank you very much in advance for your support.
4176	DialogAbout	<b>A big thanks to the development team:</b> %1
4177	DialogAbout	<b>A big thanks to the translation team:</b> %1
4178	DialogActivityConfig	%1 configuration
4179	DialogActivityConfig	Configuration
4180	DialogChooseLevel	%1 settings
4181	DialogChooseLevel	Dataset
4182	DialogChooseLevel	Options
4183	DialogChooseLevel	Cancel
4184	DialogChooseLevel	Save
4185	DialogChooseLevel	Save and start
4186	DialogHelp	Author:
4187	DialogHelp	Prerequisite:
4188	DialogHelp	Goal:
4189	DialogHelp	Manual:
4190	DialogHelp	Credit:
4191	DialogHelp	Section:
4192	Domino	Dots
4193	Domino	Arabic Numbers
4194	Domino	Roman Numbers
4195	Domino	Images
4196	DownloadDialog	Downloading...
4197	DownloadDialog	Background
4198	DownloadDialog	Abort
4199	DownloadDialog	Download error (code: %1): %2
4200	DownloadDialog	Your download finished successfully. The data files are now available.
4201	DownloadDialog	Restart any currently active activity.
4202	DownloadDialog	Your local data files are up-to-date.
4203	QObject	Download cancelled by user
4204	QObject	Could not create resource path
4205	QObject	Could not open target file %1
4206	QObject	Invalid format of Contents file
4207	QObject	The url %1 does not exist.
4208	QObject	Checksum of downloaded file does not match: %1
4209	QObject	No voices found for %1.
4210	QObject	No data found for %1.
4211	GCCreationHandler	File deleted successfully!
4212	GCCreationHandler	OK
4213	GCCreationHandler	Unable to delete the file!
4214	GCCreationHandler	A file with this name already exists. Do you want to replace it?
4215	GCCreationHandler	Yes
4216	GCCreationHandler	No
4217	GCCreationHandler	Do you really want to delete this file?
4218	GCCreationHandler	Saved successfully!
4219	GCCreationHandler	Enter file name
4220	GCCreationHandler	Search
4221	GCCreationHandler	Save
4222	GCCreationHandler	Load
4223	GCCreationHandler	Delete
4224	GCCreationHandler	Open folder
4225	IntroMessage	Previous
4226	IntroMessage	Next
4227	IntroMessage	Skip
4228	IntroMessage	Start
4229	LanguageList	Your system default
4230	LanguageList	GCompris' language
4231	QObject	Run GCompris with the default system cursor.
4232	QObject	Run GCompris without cursor (touch screen mode).
4233	QObject	Run GCompris in fullscreen mode.
4234	QObject	Run GCompris in window mode.
4235	QObject	Run GCompris with sound enabled.
4236	QObject	Run GCompris without sound.
4237	QObject	Disable the kiosk mode (default).
4238	QObject	Enable the kiosk mode.
4239	QObject	Use software renderer instead of openGL (slower but should run with any graphical card). Deprecated, use --renderer=software instead.
4240	QObject	Use openGL renderer instead of software (faster but crash potentially depending on your graphical card). Deprecated, use --renderer=opengl instead.
4241	QObject	Select renderer (opengl, software, Direct3D11, Direct3D12, Metal).
4242	QObject	Specify the activity when starting GCompris.
4243	QObject	Outputs all the available activities on the standard output.
4244	QObject	Specify the range of activity difficulty to display for the session. Either a single value (2), or a range (3-6). Values must be between 1 and 6.
4245	QObject	Specify on which level to start the activity. Only used when --launch option is used.
4246	QObject	Start the sequence of activities passed in the json file.
4247	QObject	Specify the locale when starting GCompris.
4248	QObject	Hide the Home button in the bar.
4249	QObject	Show the Home button in the bar (default).
4250	main	Do you want to automatically download or update the following external assets when starting GCompris?
4251	main	Voices for your language
4252	main	Full word image set
4253	main	Background music
4254	main	Yes
4255	main	No
4256	main	Some activities have new dataset available. Do you want to reset their dataset selection?
4257	main	Apply
4258	main	Cancel
4259	main	Welcome to GCompris!
4260	main	You are running GCompris for the first time.
4261	main	You should verify that your application settings especially your language is set correctly. You can do this in the Configuration dialog.
4262	main	Have Fun!
4263	main	Your current language is %1 (%2).
4264	main	GCompris has been updated! Here are the new changes:<br/>
4265	main	The following activities do not have any active datasets! All of their datasets will be reactivated.
4266	main	Do you want to connect to server %1?
4267	main	Password rejected by server %1
4268	main	OK
4269	main	Select your username
4270	main	Please select your username in the list or cancel.
4271	main	Enter your password
4272	ReadyButton	I am Ready
4273	Tutorial	Previous
4274	Tutorial	Next
4275	Tutorial	Skip
4276	Tutorial	Start
