4	ActivityInfo	Find the missing adjacent numbers.
17	ActivityInfo	Select the butterfly of the correct color.
96	ActivityInfo	Practice the multiplication operation.
115	ActivityInfo	Practice the division operation.
131	ActivityInfo	Practice the subtraction operation.
149	ActivityInfo	Practice the addition of numbers.
167	ActivityInfo	Complete the arrangement of fruits.
171	ActivityInfo	Line up four tokens.
182	ActivityInfo	Move the helicopter to catch the clouds following the order of the alphabet.
192	ActivityInfo	Create and simulate an analog electric schema.
269	ActivityInfo	A simple activity to discover the keyboard.
273	ActivityInfo	Move the mouse or touch the screen and observe the result.
282	ActivityInfo	Match the objects with their shapes.
287	ActivityInfo	Write your first texts.
305	ActivityInfo	Drag and drop the items to match them.
311	ActivityInfo	Drag and drop the shapes on their respective targets.
331	ActivityInfo	Navigate the ball to the door by tilting the box.
360	ActivityInfo	Press the left and right arrow keys at the same time, to make the ball go in a straight line.
370	ActivityInfo	Anticipate and force the other player to place a ball in the last hole.
377	ActivityInfo	This activity helps you to learn the concept of conversion from decimal number system to binary number system.
401	ActivityInfo	Learn and memorize the braille system.
420	ActivityInfo	Practice braille letters.
425	ActivityInfo	Solve the Calcudoku.
435	ActivityInfo	Read the instructions and select the correct date on the calendar.
494	ActivityInfo	Tux is in trouble, and needs to take his boat through a lock. Help Tux and find out how a canal lock works.
504	ActivityInfo	Categorize the items into correct and incorrect groups.
582	ActivityInfo	Capture all your opponent's pieces before your opponent captures all of yours.
594	ActivityInfo	Discover and practice chess.
613	ActivityInfo	Play the end of a chess game against Tux.
617	ActivityInfo	Drag and Drop the items to organize the story.
680	ActivityInfo	Listen to a letter and click on it.
691	ActivityInfo	Draw the picture by clicking on the selected points.
696	ActivityInfo	Catch all the swimming fish before they leave the fish tank.
704	ActivityInfo	Learn how to tell the time on an analog clock.
720	ActivityInfo	Discover paint color mixing.
739	ActivityInfo	Discover light color mixing.
745	ActivityInfo	Click on the right color.
765	ActivityInfo	Compare the numbers and choose the corresponding sign.
786	ActivityInfo	Use the compass to draw.
859	ActivityInfo	Drive the crane and copy the model.
873	ActivityInfo	Drag and Drop the shapes on their respective targets.
902	ActivityInfo	Create and simulate a digital logic circuit.
1001	ActivityInfo	Roll the gear in the cogwheel to draw.
1033	ActivityInfo	Connect the dots to draw the letters.
1037	ActivityInfo	Connect the dots to draw numbers from 0 to 9.
1041	ActivityInfo	Place the items in the best way to count them.
1054	ActivityInfo	Move the mouse or touch the screen to erase the blocks and discover the hidden picture.
1058	ActivityInfo	Double tap or double click to erase the blocks and discover the hidden picture.
1061	ActivityInfo	Click or tap to erase the blocks and discover the hidden picture.
1064	ActivityInfo	Learn about farm animals, what sounds they make, and interesting facts.
1104	ActivityInfo	Explore monuments around the world.
1259	ActivityInfo	Learn about world animals, interesting facts and their location on a map.
1301	ActivityInfo	Learn about the music of the world.
1330	ActivityInfo	Select the name you should call this family member.
1357	ActivityInfo	Select two people which have the given relationship.
1361	ActivityInfo	Move each item to recreate the image.
1366	ActivityInfo	Find the correct date and select it on the calendar.
1397	ActivityInfo	The fireman needs to stop the fire, but the hose is blocked.
1401	ActivityInfo	Kick the ball into the goal.
1405	ActivityInfo	Select the appropriate number of parts to represent the given fraction.
1464	ActivityInfo	Find the correct numerator and denominator of the represented fraction.
1474	ActivityInfo	Reproduce and complete the frieze.
1501	ActivityInfo	Place the regions on the country maps.
1971	ActivityInfo	Place the continents and countries on the world map.
2195	ActivityInfo	Type the falling letters before they reach the ground.
2199	ActivityInfo	Guide the Number Muncher to the expressions that equal the number at the bottom of the screen.
2222	ActivityInfo	Guide the Number Muncher to all the factors of the number at the bottom of the screen.
2226	ActivityInfo	Guide the Number Muncher to all the expressions that do not equal the number at the bottom of the screen.
2233	ActivityInfo	Guide the Number Muncher to all the multiples of the number at the bottom of the screen.
2236	ActivityInfo	Guide the Number Muncher to all the prime numbers.
2240	ActivityInfo	Read values on a graduated line.
2261	ActivityInfo	Place values on a graduated line.
2276	ActivityInfo	Identify grammatical classes in the given sentences.
2303	ActivityInfo	Color the graph so that no two adjacent nodes have the same color.
2309	ActivityInfo	Introduction to the concept of gravity.
2319	ActivityInfo	Calculate to find 24.
2340	ActivityInfo	Find the operations to get the required result.
2355	ActivityInfo	Help Tux escape the cave by finding the hidden number.
2368	ActivityInfo	Guess the letters of the given word.
2378	ActivityInfo	Copy the tower on the right-hand side onto the empty peg.
2383	ActivityInfo	Move the tower from the left-hand side onto the right-side peg.
2389	ActivityInfo	Find the strawberry by clicking on the blue fields.
2393	ActivityInfo	Drag and Drop each item above its name.
2441	ActivityInfo	Click on the correct musical instruments.
2474	ActivityInfo	Find the requested character and type it on the keyboard.
2478	ActivityInfo	Pilot the spaceship towards the green landing area.
2504	ActivityInfo	Complete language learning activities.
2538	ActivityInfo	Learn addition with small numbers.
2546	ActivityInfo	Represent the given decimal numbers.
2559	ActivityInfo	Learn addition with decimal numbers.
2571	ActivityInfo	Learn subtraction with decimal numbers.
2586	ActivityInfo	Represent the number corresponding to the given digit.
2600	ActivityInfo	Learn to represent a quantity of objects.
2612	ActivityInfo	Learn subtraction with small numbers.
2621	ActivityInfo	Move animals to their homes using a left click or right click on your mouse.
2625	ActivityInfo	Determine if a hand is a right or a left hand.
2639	ActivityInfo	Find the words with the given letter.
2647	ActivityInfo	Turn off all the lights.
2661	ActivityInfo	Read about some key events in the life of the braille system inventor, and remember their chronological order.
2679	ActivityInfo	Calculate how many stars are under the magic hat.
2695	ActivityInfo	Count how many stars are under the magic hat.
2709	ActivityInfo	Help Tux get out of this maze.
2718	ActivityInfo	Guide Tux out of the invisible maze.
2725	ActivityInfo	Help Tux get out of this maze (moves are relative).
2731	ActivityInfo	Reproduce a sound sequence.
2739	ActivityInfo	Flip the cards to find the uppercase and lowercase of the same letter, playing against Tux.
2748	ActivityInfo	Flip the cards to find the uppercase and lowercase of the same letter.
2750	ActivityInfo	Flip the cards to match a number with a picture.
2762	ActivityInfo	Flip the cards to match an operation with its result, playing against Tux.
2777	ActivityInfo	Flip the cards to match an operation with its result.
2779	ActivityInfo	Flip the cards to match an addition or a subtraction with its result, playing against Tux.
2784	ActivityInfo	Flip the cards to match an addition or a subtraction with its result.
2786	ActivityInfo	Flip the cards to match an addition with its result, playing against Tux.
2800	ActivityInfo	Flip the cards to match an addition with its result.
2802	ActivityInfo	Flip the cards to match a division with its result, playing against Tux.
2817	ActivityInfo	Flip the cards to match a division with its result.
2820	ActivityInfo	Flip the cards to match a subtraction with its result, playing against Tux.
2834	ActivityInfo	Flip the cards to match a subtraction with its result.
2836	ActivityInfo	Flip the cards to match a multiplication or a division with its result, playing against Tux.
2841	ActivityInfo	Flip the cards to match a multiplication or a division with its result.
2843	ActivityInfo	Flip the cards to match a multiplication with its result, playing against Tux.
2858	ActivityInfo	Flip the cards to match a multiplication with its result.
2860	ActivityInfo	Flip the cards to match the sound pairs, playing against Tux.
2864	ActivityInfo	Flip the cards to match the sound pairs.
2866	ActivityInfo	Flip the cards to find the matching pairs, playing against Tux.
2870	ActivityInfo	Flip the cards to match a numeral with its number name.
2895	ActivityInfo	Flip the cards to find the matching pairs.
2904	ActivityInfo	Select an activity to run it.
2994	ActivityInfo	Use the mousewheel to approach the rockwall and look for gold nuggets.
3012	ActivityInfo	Find the missing letter to complete the word.
3020	ActivityInfo	Practice money usage.
3032	ActivityInfo	Practice money usage by giving Tux his change.
3037	ActivityInfo	Practice money usage including cents.
3040	ActivityInfo	Communicate with the International Morse code.
3061	ActivityInfo	Put each item at the same place as in the given example.
3072	ActivityInfo	A generic activity for multiple-choice questions.
3079	ActivityInfo	Play the game Nine men's morris against Tux.
3095	ActivityInfo	Play the game Nine men's morris with a friend.
3098	ActivityInfo	Learn the names of the notes, in bass and treble clef.
3109	ActivityInfo	Select the numbers one after the other according to the numerical sequence.
3113	ActivityInfo	Move the helicopter to catch the clouds having even or odd numbers.
3132	ActivityInfo	Arrange the given letters in alphabetical order or in reverse alphabetical order as requested.
3146	ActivityInfo	Arrange the given events in their chronological order.
3153	ActivityInfo	Arrange the given numbers in ascending or descending order as requested.
3172	ActivityInfo	Arrange the given words to form a meaningful sentence.
3180	ActivityInfo	Play the Oware strategy game against Tux.
3188	ActivityInfo	Play the Oware strategy game with a friend.
3190	ActivityInfo	Drag and Drop the pieces to rebuild the original paintings.
3216	ActivityInfo	Follow the given directions to help Tux reach the target.
3225	ActivityInfo	Move Tux along the path to reach the target.
3233	ActivityInfo	Remove all the pieces in the correct order until only one remains.
3240	ActivityInfo	Double click or double tap on any side of the goal in order to score.
3245	ActivityInfo	Find the differences between the two pictures.
3251	ActivityInfo	Learn how the piano keyboard works, and how notes are written on a musical staff.
3352	ActivityInfo	Move the helicopter to catch the clouds in the correct order.
3360	ActivityInfo	Read the score, and then play it on the keyboard.
3371	ActivityInfo	Follow the rhythm accurately.
3388	ActivityInfo	Find the boy's position in relation to the box.
3411	ActivityInfo	Program the path to help Tux catch the fish.
3447	ActivityInfo	Rebuild the train model at the top of the screen.
3458	ActivityInfo	Read a list of words and say if a given word is in it.
3465	ActivityInfo	Read a vertical list of words and say if a given word is in it.
3468	ActivityInfo	Draw perfectly the given image on the empty grid.
3478	ActivityInfo	Reproduce the image symmetrically on the empty grid.
3484	ActivityInfo	Tux has come back from fishing on his boat. Bring the electrical system back up so he can have light in his home.
3497	ActivityInfo	Tux is hungry. Help him find fish by counting to the correct ice spot.
3507	ActivityInfo	Learn to read and write Roman numerals.
3524	ActivityInfo	Drag and Drop some weights to balance the scales.
3536	ActivityInfo	Drag and Drop some masses to balance the scales and calculate the weight.
3575	ActivityInfo	Try to split the pieces of candy between a given number of children.
3634	ActivityInfo	Create your own drawing.
3639	ActivityInfo	Use the various digital painting tools to draw images.
3678	ActivityInfo	Count the number of dots on the dice before it reaches the ground.
3700	ActivityInfo	Count the number of dots on the domino before it reaches the ground.
3718	ActivityInfo	Learn about the solar system.
3919	ActivityInfo	Drive the submarine to the end point.
3955	ActivityInfo	Solve the Sudoku.
3964	ActivityInfo	Tux has hidden several items. Find them in the correct order.
3970	ActivityInfo	Move the objects to reproduce the given shape.
3974	ActivityInfo	Throw darts at a target and count your score.
3984	ActivityInfo	Swap the numbers to create pairs equal to ten and input the answer of the final sum.
3991	ActivityInfo	Find the ten's complement of each number.
4000	ActivityInfo	Swap the numbers to create pairs equal to ten.
4007	ActivityInfo	Use a ten's complement to simplify the operation.
4015	ActivityInfo	Place three marks in a row.
4022	ActivityInfo	Remove the red car from the parking lot through the gate on the right.
4025	ActivityInfo	Solve the given addition.
4042	ActivityInfo	Solve the given subtraction.
4069	ActivityInfo	Tux has come back from fishing on his boat. Bring the water system back up so he can take a shower.
4084	ActivityInfo	Type the falling words before they reach the ground.
